,Compound,Date,Negative,Neutral,Positive,Text,Tweets Ago
0,0.5093,Sat Jun 09 21:00:02 +0000 2018,0.845,0.0,0.155,These two know a thing or two about awards! Watch them light up the stage tomorrow at the #TonyAwards. ‚ú® https://t.co/KHVZp65oLS,1
1,0.0,Sat Jun 09 16:00:00 +0000 2018,1.0,0.0,0.0,Here's everything you need to know before watching the #TonyAwards this Sunday at 8/7c: https://t.co/jcRgNGmLUZ https://t.co/8suUhVPFK6,2
2,0.296,Fri Jun 08 19:46:17 +0000 2018,0.82,0.0,0.18,Join @etnow's @DDirecto this Sunday on the #TonyAwards' red carpet. https://t.co/7jS8g10KmY,3
3,0.0,Fri Jun 08 15:00:03 +0000 2018,1.0,0.0,0.0,Here's @laChanze with a reminder that you can stream the #TonyAwards this Sunday on CBS All Access! https://t.co/8TDEXzKmyQ,4
4,0.9078,Fri Jun 08 13:58:15 +0000 2018,0.564,0.0,0.436,"We all get by with a little help from our friends, so what better way to celebrate #NationalBestFriendsDay than to‚Ä¶ https://t.co/pIZezbBwaT",5
5,0.3612,Thu Jun 07 17:03:26 +0000 2018,0.872,0.0,0.128,"Get ready for show-stopping performances by the casts of the 2018 Tony-nominated shows Mean Girls, SpongeBob Square‚Ä¶ https://t.co/NiSx9Bbw0F",6
6,0.2732,Wed Jun 06 21:00:24 +0000 2018,0.719,0.105,0.176,Don‚Äôt miss a special performance from @springsteen this Sunday at the #TonyAwards: https://t.co/LYYdleaFwU https://t.co/IKkKoITH9y,7
7,0.3595,Wed Jun 06 00:08:30 +0000 2018,0.872,0.0,0.128,"RT @CBSThisMorning: .@SaraBareilles and @joshgroban are hosting this Sunday's @TheTonyAwards on @CBS! 

Wednesday, they'll join us LIVE on‚Ä¶",8
8,-0.4404,Tue Jun 05 22:23:35 +0000 2018,0.723,0.177,0.1,"RT @SU2C: SU2C telecast Co-Executive Producer Bradley Cooper sits down with Mitch Carbon, a pediatric cancer survivor who benefited from #S‚Ä¶",9
9,0.4574,Tue Jun 05 22:12:28 +0000 2018,0.824,0.0,0.176,RT @StrangeAngel: About last night... The #StrangeAngel screening party was a blast! Pun intended. üöÄüòè https://t.co/m64EcNmweY,10
10,0.5093,Tue Jun 05 19:00:02 +0000 2018,0.845,0.0,0.155,These CBS stars can really belt it out! Find out which celebs from your favorite shows are pitch-perfect:‚Ä¶ https://t.co/X4zMACFazB,11
11,0.0,Tue Jun 05 15:04:41 +0000 2018,1.0,0.0,0.0,"More stars are set to appear at the #TonyAwards, including @billyjoel, @amyschumer, and @katharinemcphee. See who e‚Ä¶ https://t.co/lPUocBcn9t",12
12,0.0,Mon Jun 04 17:00:00 +0000 2018,1.0,0.0,0.0,"The #TonyAwards are just days away, and @joshgroban and @SaraBareilles will bring all they've got to Broadway's Big‚Ä¶ https://t.co/eKkWn6ClSq",13
13,-0.3903,Fri Jun 01 17:39:17 +0000 2018,0.807,0.131,0.062,"Call us old-fashioned, but we donut want you missing out on #NationalDonutDay! Here are a few treats from us to you‚Ä¶ https://t.co/HpzN8bQ3SO",14
14,0.8442,Fri Jun 01 17:00:03 +0000 2018,0.664,0.0,0.336,Remember @Lin_Manuel‚Äôs beautiful sonnet from the 70th Annual Tony Awards¬Æ? Relive some of the greatest moments in‚Ä¶ https://t.co/IZjeQLd58C,15
15,0.8932,Thu May 31 23:50:00 +0000 2018,0.545,0.0,0.455,"Good friends @joshgroban and @SaraBareilles are hosting the #TonyAwards together? Well, this is bound to be fun! https://t.co/26Vgzp0s2e",16
16,0.4926,Wed May 30 15:07:34 +0000 2018,0.849,0.0,0.151,"The #TonyAwards just got even better because @UzoAduba, @MattBomer, and more stars will be presenting live! Find ou‚Ä¶ https://t.co/hfFBtWo1T9",17
17,0.0,Mon May 28 21:00:01 +0000 2018,1.0,0.0,0.0,"Mark your calendars. @SalvationCBS returns Monday, June 25 at 9/8c! ‚òÑÔ∏è https://t.co/N9pYuhYLRF",18
18,0.0,Mon May 28 02:08:19 +0000 2018,1.0,0.0,0.0,RT @thegoodfight: All episodes of season 2 are now available. Stream #TheGoodFight on CBS All Access: https://t.co/k3tn8kR9KC https://t.co/‚Ä¶,19
19,0.6239,Wed May 23 23:07:38 +0000 2018,0.789,0.0,0.211,Get the popcorn ready! üçø  It's going to be an unforgettable @survivorcbs finale. Make sure to tune in TONIGHT at 8/‚Ä¶ https://t.co/vp0JyqfXMQ,20
20,0.5859,Wed May 23 19:02:43 +0000 2018,0.826,0.0,0.174,"RT @StrangeAngel: Every brilliant mind has a dark side. #StrangeAngel launches June 14, only on CBS All Access. https://t.co/y0MZg1BzEB htt‚Ä¶",21
21,0.1139,Tue May 22 23:19:40 +0000 2018,0.917,0.0,0.083,Prepare yourself. The @NCIS_CBS season finale is unlike any other. Don't miss it TONIGHT at 8/7c. https://t.co/MOH6uiFc0C,22
22,0.0,Tue May 22 20:02:22 +0000 2018,1.0,0.0,0.0,"Summer heats up with @CBSBigBrother, @SalvationCBS, and the brand-new competition series @TKOCBS. Find out when you‚Ä¶ https://t.co/DxE7OnKs17",23
23,0.0,Mon May 21 23:00:01 +0000 2018,1.0,0.0,0.0,Who‚Äôs going to be watching the season finale of @ManWithAPlan tonight? RT if you'll be tuning in at 8:30/7:30c! https://t.co/ARLRtVuGuc,24
24,0.3382,Sun May 20 20:00:00 +0000 2018,0.808,0.061,0.131,The season finale of @MadamSecretary will leave you speechless! Make sure to tune in tonight at 10/9c. https://t.co/hqxkLZsWpl,25
25,0.1867,Sun May 20 17:00:01 +0000 2018,0.92,0.0,0.08,The @NCISLA season finale is going to be a wild ride. Don't miss all of the action starting TONIGHT at 8/7c! https://t.co/PNtUuVf9VQ,26
26,0.4199,Sat May 19 08:00:01 +0000 2018,0.715,0.0,0.285,Retweet if you're ready for the #RoyalWedding! https://t.co/k57NM7OrXn,27
27,0.0,Fri May 18 21:00:01 +0000 2018,1.0,0.0,0.0,It's going down (literally) on the Season Finale of @HawaiiFive0CBS when a submarine appears off the coast of Waiki‚Ä¶ https://t.co/oD7Le5XUz6,28
28,0.3595,Fri May 18 14:00:03 +0000 2018,0.849,0.0,0.151,"The #RoyalWedding is finally here, and you're invited! Join @CBSThisMorning‚Äôs @GayleKing and @etnow‚Äôs @KevinFrazier‚Ä¶ https://t.co/Q5xiRkXLUz",29
29,0.7177,Thu May 17 23:44:27 +0000 2018,0.715,0.0,0.285,When the @LifeInPiecesCBS season finale is back-to-back episodes. üëè Get ready for double the laughs at 9/8c! https://t.co/SYW5UzXobv,30
30,0.1867,Thu May 17 21:19:59 +0000 2018,0.907,0.0,0.093,Rules were made to be broken.üí• Don't miss the heart-pounding season finale of @swatcbs TONIGHT at 10/9c! https://t.co/NXLbeIrvcp,31
31,0.0,Thu May 17 19:12:51 +0000 2018,1.0,0.0,0.0,"Is it fall yet? Check out the first looks at our new fall shows and stars from the CBS Upfront!

https://t.co/l7GQVRzRFw",32
32,0.5562,Thu May 17 13:00:00 +0000 2018,0.854,0.0,0.146,How many shows can you binge in a month? Find out with a 1 month free trial of CBS All Access! Use code STREAMITALL‚Ä¶ https://t.co/yccQppCaxC,33
33,0.75,Thu May 17 00:00:00 +0000 2018,0.758,0.0,0.242,"Save the dates! The CBS Fall lineup is here, and we're welcoming six new shows in addition to returning hits. Which‚Ä¶ https://t.co/f9PSQfpHL7",34
34,0.5574,Wed May 16 22:56:24 +0000 2018,0.841,0.0,0.159,What happens when the friendliest guy in the Midwest moves his family next door to a not-so-friendly new LA neighbo‚Ä¶ https://t.co/KtEoNE3deL,35
35,0.3802,Wed May 16 22:56:24 +0000 2018,0.89,0.0,0.11,"When @MurphyBrownCBS returns to the news world, things sure won't be what they used to be! The revival of the groun‚Ä¶ https://t.co/jJcgyqyDxL",36
36,0.34,Wed May 16 22:56:23 +0000 2018,0.888,0.0,0.112,"When decorated former Navy SEAL Thomas Magnum returns home to Hawaii, he embarks on a new mission: solving cases in‚Ä¶ https://t.co/6n2MWY3c2f",37
37,0.5859,Wed May 16 22:56:23 +0000 2018,0.826,0.0,0.174,The ordinary turns extraordinary for this suburban couple when an exuberant young pop star unexpectedly moves in wi‚Ä¶ https://t.co/9xaAUSm5nm,38
38,0.8398,Wed May 16 22:56:23 +0000 2018,0.6,0.0,0.4,An outspoken atheist's life takes a surprising turn when he accepts a social media friend request from God! Watch w‚Ä¶ https://t.co/EbVbL0SNDk,39
39,-0.4588,Wed May 16 22:56:23 +0000 2018,0.577,0.26,0.163,"When danger threatens the nation, these elite agents risk their lives to keep it safe. Join them on the case when n‚Ä¶ https://t.co/LuSY0jXBf9",40
40,0.0,Wed May 16 22:56:22 +0000 2018,1.0,0.0,0.0,Meet the new shows coming to CBS this fall!,41
41,0.7777,Wed May 16 21:46:07 +0000 2018,0.764,0.0,0.236,So much TV to love! ‚ù§Ô∏è Be sure to follow the shows of the CBS 2018-2019 primetime lineup and stay up-to-date on the‚Ä¶ https://t.co/lQwGtznj5i,42
42,0.296,Wed May 16 18:05:27 +0000 2018,0.905,0.0,0.095,"Every mission leaves its mark. Join us in the final mission to avenge Echo Team's deaths, tonight at 9/8c during th‚Ä¶ https://t.co/SlfprTVDgD",43
43,0.6369,Wed May 16 13:52:57 +0000 2018,0.766,0.0,0.234,"Get ready for three new comedies, five new dramas and the return of the critically acclaimed @MurphyBrownCBS. Here'‚Ä¶ https://t.co/alHwUTRFKh",44
44,0.46,Wed May 16 13:24:14 +0000 2018,0.857,0.0,0.143,"RT @happytogether: When an international pop star moves into your house, life gets a little more interesting! @wayansjr, @AmberoniStevens a‚Ä¶",45
45,0.8122,Wed May 16 13:23:26 +0000 2018,0.67,0.0,0.33,"RT @TheNeighborhood: You can‚Äôt pick your neighbors, but Calvin sure wishes he could! @CedEntertainer stars in the new comedy #TheNeighborho‚Ä¶",46
46,-0.2057,Tue May 15 20:16:38 +0000 2018,0.821,0.109,0.07,Tonight's the night - Agent Dwayne Pride's fate will be revealed. Don't miss the special two-hour season finale of‚Ä¶ https://t.co/52amkSiNcA,47
47,0.4199,Mon May 14 20:59:11 +0000 2018,0.859,0.0,0.141,"Donuts down, hands up! Get ready for a dramatic turn on the finale of @SuperiorDonuts TONIGHT at 9/8c. üç©https://t.co/f5VSqOlRYu",48
48,0.0,Mon May 14 18:17:23 +0000 2018,1.0,0.0,0.0,"RT @MagnumPICBS: Thomas Magnum is back on the case! @jay_hernandez stars in #MagnumPI, coming to #CBS. https://t.co/R1aURqMawD",49
49,0.4939,Mon May 14 18:16:12 +0000 2018,0.856,0.0,0.144,"RT @GodFriendedMe: You never know who's going to send you a friend request. #GodFriendedMe, the new drama series starring @hall_m_brandon a‚Ä¶",50
50,-0.3612,Mon May 14 18:15:36 +0000 2018,0.878,0.122,0.0,RT @TheRedLineCBS: Three Chicago families‚Äô lives converge in the wake of a mistaken shooting. From acclaimed producers @ava and @GBerlanti‚Ä¶,51
51,0.6476,Mon May 14 18:15:08 +0000 2018,0.674,0.082,0.243,"RT @FamCBS: No family is perfect, especially this #FAM! @ninadobrev, @toneBell and @odessaadlon star in the new #CBS comedy #FAM. https://t‚Ä¶",52
52,0.9081,Mon May 14 18:14:46 +0000 2018,0.592,0.0,0.408,"RT @TheCodeCBS: Their code is honor, courage and commitment. They pursue military justice at home and abroad. #TheCode coming to #CBS. http‚Ä¶",53
53,-0.762,Mon May 14 18:14:22 +0000 2018,0.586,0.303,0.111,RT @FBICBS: Meet the FBI agents who are investigating the most dangerous cases threatening our nation. From Emmy Winner Dick Wolf and the t‚Ä¶,54
54,0.3612,Mon May 14 18:13:58 +0000 2018,0.8,0.0,0.2,RT @MurphyBrownCBS: The ground-breaking comedy returns. #MurphyBrown coming to #CBS. https://t.co/di8GXoVPjh,55
55,0.0,Mon May 14 14:42:00 +0000 2018,0.696,0.152,0.152,RT @StrangeAngel: Play with fire. üî• #StrangeAngel launches June 14 on #CBSAllAccess. https://t.co/xiFSkVz1vB https://t.co/Aw3kGeHyj4,56
56,0.7351,Sun May 13 13:16:14 +0000 2018,0.721,0.0,0.279,"Happy #MothersDay to the moms who comfort us, understand us, and keep us centered. We ‚ù§Ô∏è you. https://t.co/4YDmZrTGIC",57
57,0.7245,Fri May 11 23:00:40 +0000 2018,0.748,0.0,0.252,The more the merrier! CBS has ordered five more shows that just might become your new favorites next season:‚Ä¶ https://t.co/2g5OSj2xPu,58
58,0.128,Fri May 11 20:55:08 +0000 2018,0.791,0.09,0.119,Thinking about the @BlueBloods_CBS season finale like‚Ä¶ Don‚Äôt miss the surprising reveal TONIGHT at 10/9c. https://t.co/8ExkPFpnFj,59
59,0.7263,Thu May 10 23:11:17 +0000 2018,0.747,0.0,0.253,"Double the @MomCBS, double the fun! Anyone else feel like they hit the jackpot with the back-to-back Season Finale‚Ä¶ https://t.co/ebq8WJLKGf",60
60,-0.0772,Thu May 10 19:24:10 +0000 2018,0.847,0.085,0.069,"2 suitors, 1 Meemaw and 1 Sheldon. You won‚Äôt want to miss the season finale of @YoungSheldon tonight at 8:30/7:30c. https://t.co/Hht2yRE7ly",61
61,0.4753,Thu May 10 18:03:26 +0000 2018,0.819,0.0,0.181,Broadway's Biggest Night is around the corner! Who are you hoping to see? #TonyAwards2018 ‚ú® https://t.co/KLT8QCxWcK,62
62,0.3182,Thu May 10 15:30:40 +0000 2018,0.892,0.0,0.108,"The big day is finally here, and you‚Äôre invited. üë∞ Make sure to tune in to the @bigbangtheory‚Äôs star-studded #ShAmy‚Ä¶ https://t.co/la9E6tvQ5b",63
63,0.8176,Wed May 09 21:35:00 +0000 2018,0.667,0.0,0.333,"Before the #ShAmy wedding tomorrow, the @bigbangtheory stars &amp; special guests play a game of ""yay or nay"" with thes‚Ä¶ https://t.co/ZpCM16qOyT",64
64,0.8395,Wed May 09 19:36:24 +0000 2018,0.609,0.0,0.391,Get ready for more laughs! Learn more about the two new comedies coming to CBS: https://t.co/cpT3fd2RH5 https://t.co/NGrcp803zW,65
65,-0.4599,Tue May 08 22:26:55 +0000 2018,0.8,0.2,0.0,"Goodbyes are never easy.  After 15 seasons, don‚Äôt miss Abby‚Äôs final episode of @NCIS_CBS tonight at 8/7c.  https://t.co/GTGj2YRJA1",66
66,0.4574,Tue May 08 19:55:32 +0000 2018,0.85,0.0,0.15,Will you be watching the @BullCBS Season 2 Finale tonight at 9/8c? RT if your answer is yes! https://t.co/OxnyEDVsKj,67
67,0.34,Tue May 08 17:18:20 +0000 2018,0.725,0.092,0.183,RT @thegoodfight: Listening to #QueenBaranski read fan tweets is like poetry. üòç Warning: this video will give you ALL the feels. ‚ò∫Ô∏è‚ù§Ô∏è #TheG‚Ä¶,68
68,0.0,Mon May 07 17:50:20 +0000 2018,1.0,0.0,0.0,"RT @KevinCanWaitCBS: Season 2 of #KevinCanWait comes to a close tonight, and @KevinJames and @LeahRemini have A LOT to say about it. https:‚Ä¶",69
69,0.5093,Fri May 04 21:00:00 +0000 2018,0.87,0.0,0.13,Spend your Friday night with this dynamic duo! Tune in to the season finale of @MacGyverCBS at 8/7c on CBS and CBS‚Ä¶ https://t.co/AfWUVo4GSu,70
70,0.6996,Fri May 04 18:42:12 +0000 2018,0.775,0.0,0.225,RT @undercover_cbs: Get ready for the series premiere of #CelebrityBoss in just seven days! How would you react if your favorite celebrity‚Ä¶,71
71,0.5562,Fri May 04 14:48:42 +0000 2018,0.736,0.0,0.264,The force is strong on the set of @bigbangtheory! #MayThe4thBeWithYou https://t.co/uYyXKtuVCM,72
72,0.0,Wed May 02 19:04:01 +0000 2018,1.0,0.0,0.0,RT @thegoodfight: The fight's not over yet. #TheGoodFight is renewed for Season 3. https://t.co/gUrDeA5KQP,73
73,0.0,Tue May 01 23:10:50 +0000 2018,1.0,0.0,0.0,RT @TKOCBS: Both @hwventure and @janemun have been named Executive Producers and showrunners of #TKO: TOTAL KNOCK OUT! Learn more about the‚Ä¶,74
74,0.0,Tue May 01 17:58:51 +0000 2018,1.0,0.0,0.0,"RT @StrangeAngel: Sex. Magick. Rocket Science. #StrangeAngel launches June 14, only on CBS All Access. https://t.co/I3sqWMASxl https://t.co‚Ä¶",75
75,0.8268,Tue May 01 15:16:28 +0000 2018,0.701,0.0,0.299,"Broadway's Biggest Night will honor the best in theatre on Sunday, June 10! Here are the nominees for the‚Ä¶ https://t.co/tCiNaLGIvq",76
76,0.8777,Mon Apr 30 22:54:18 +0000 2018,0.627,0.0,0.373,We congratulate all of our CBS #DaytimeEmmy Award winners! Check out the stars who joined @TheTalkCBS hosts to cele‚Ä¶ https://t.co/JfUFINmYGH,77
77,0.0,Mon Apr 30 13:28:01 +0000 2018,1.0,0.0,0.0,RT @KevinJames: Getting the band back together @AdamSandler @chrisrock @MikeDelguidice1 @KevinCanWaitCBS #KevinCanWait https://t.co/Mo5EWck‚Ä¶,78
78,0.3818,Mon Apr 30 02:22:08 +0000 2018,0.86,0.0,0.14,See all of the stunning fashion looks from the @CBSDaytime stars on the #DaytimeEmmys red carpet:‚Ä¶ https://t.co/iJN1ssGPvZ,79
79,0.8356,Sun Apr 29 15:30:00 +0000 2018,0.67,0.0,0.33,The 45th annual #DaytimeEmmys are here! Congratulations to all of the wonderful @CBSDaytime stars and shows nominat‚Ä¶ https://t.co/xZhDSYnxL6,80
80,0.0,Thu Apr 26 23:40:24 +0000 2018,1.0,0.0,0.0,These stars are going undercover for #CelebrityBoss! Find out more about Celebrity @undercover_cbs premiering May 1‚Ä¶ https://t.co/Deyn76ADT9,81
81,0.75,Wed Apr 25 21:48:49 +0000 2018,0.687,0.0,0.313,"New courage. New hope. New season. 

Season 3 of @CodeBlackCBS premieres TONIGHT at 10/9c on CBS! https://t.co/rR8xUCKlzI",82
82,0.5719,Wed Apr 25 18:09:50 +0000 2018,0.837,0.0,0.163,Celebrate #DNADay by letting your forensic flag fly and revisit some classic episodes of @CSI_CBS on CBS All Access‚Ä¶ https://t.co/YCbHDK2r4b,83
83,0.6239,Wed Apr 25 16:55:33 +0000 2018,0.779,0.0,0.221,"Get ready for big reveals, dramatic conclusions, and huge guest stars! Find out more about the 2017-2018 season fin‚Ä¶ https://t.co/xcBChnjEvH",84
84,0.6696,Mon Apr 23 21:03:22 +0000 2018,0.756,0.0,0.244,Who‚Äôs ready to see these moves? üï∫ Tune in to the @latelateshow‚Äôs Carpool Karaoke Primetime Special TONIGHT at 10/9c! https://t.co/gjrURqXaPN,85
85,0.4019,Sun Apr 22 16:00:03 +0000 2018,0.863,0.0,0.137,"The 53rd #ACMawards turned into one big party when @KeithUrban and @juliamichaels performed their upbeat single ""Co‚Ä¶ https://t.co/Q3Zj3EzuNs",86
86,-0.4019,Fri Apr 20 22:00:01 +0000 2018,0.895,0.105,0.0,A blind date was all it took. Learn more about Meghan Markle and her road to royalty from the people who know her b‚Ä¶ https://t.co/fEAMUblPQ4,87
87,0.0,Fri Apr 20 17:34:37 +0000 2018,1.0,0.0,0.0,RT @carrieunderwood: ICYMI! Watch Carrie‚Äôs performance of #CryPretty from the #ACMawards below! -TeamCU https://t.co/T9I3ko2xFu,88
88,0.0,Thu Apr 19 20:00:00 +0000 2018,1.0,0.0,0.0,There's a new addition to the cast of the upcoming revival of Murphy Brown!  Learn more about Tyne Daly's character‚Ä¶ https://t.co/ijSXSLyDaR,89
89,0.4877,Thu Apr 19 19:00:02 +0000 2018,0.826,0.0,0.174,"Country superstar @LukeBryanOnline delivers his moving anthem ""Most People Are Good"" at the 53rd #ACMawards:‚Ä¶ https://t.co/GhhAsEDqmq",90
90,0.4939,Thu Apr 19 17:08:44 +0000 2018,0.868,0.0,0.132,"Coming to CBS All Access June 14, #StrangeAngel is inspired by the real life story of Jack Parsons and explores the‚Ä¶ https://t.co/IsPrXRNXye",91
91,0.4199,Wed Apr 18 21:00:01 +0000 2018,0.859,0.0,0.141,When you realize there are TWO episodes of @CrimMinds_CBS tonight! üëè Who‚Äôs ready for the double-episode season fina‚Ä¶ https://t.co/CWVAHHeIGr,92
92,0.7688,Wed Apr 18 18:57:45 +0000 2018,0.706,0.0,0.294,Giving you even more reasons to celebrate! üéâ See which CBS series are back for another year: https://t.co/O2LI0eJXTA https://t.co/H436kL1jSK,93
93,0.5994,Wed Apr 18 17:00:03 +0000 2018,0.804,0.0,0.196,"Watch country star @blakeshelton belt out his beautiful ballad ""I Lived It"" at the 53rd #AMCawards:‚Ä¶ https://t.co/w0WRmpQ6fk",94
94,0.0903,Wed Apr 18 15:14:39 +0000 2018,0.736,0.125,0.14,RT @joshgroban: I AM SO HAPPY I COULD CRY BUT ITS MIDNIGHT IN JAPAN SO I WILL SLEEP BUT ‚ÄºÔ∏è‚ÄºÔ∏è‚ÄºÔ∏è‚ÄºÔ∏èüë´üèÜüé≠üò≠üîú #TonyAwards2018 https://t.co/NLss47K6‚Ä¶,95
95,0.0,Wed Apr 18 15:10:34 +0000 2018,1.0,0.0,0.0,Broadway stars @SaraBareilles and @joshgroban will host @TheTonyAwards on June 10! Hear how these multi-talented ar‚Ä¶ https://t.co/jy52FKd7t0,96
96,0.0,Tue Apr 17 00:26:33 +0000 2018,1.0,0.0,0.0,Can you believe it‚Äôs been 11 years since @taylorswift13‚Äôs first-ever performance at the #ACMawards?! Look back at t‚Ä¶ https://t.co/QHSPuJLLFb,97
97,0.0,Mon Apr 16 23:00:02 +0000 2018,1.0,0.0,0.0,Waiting for the @ScorpionCBS season finale to start like‚Ä¶ Tune in at 10/9c! https://t.co/peoDXtO707,98
98,0.0,Mon Apr 16 17:00:04 +0000 2018,1.0,0.0,0.0,Cast your vote! #ACMawards https://t.co/57ZN5gr6Y1,99
99,0.2714,Mon Apr 16 16:02:49 +0000 2018,0.806,0.071,0.123,RT @CBSTweet: #CBSRatingsNews: #ACMawards Dominate on #CBS.  Over 12 million Total Viewers.  +11% year to year increase!  Biggest audience‚Ä¶,100
